Target Gene Symbol,Guide index,sgRNA Sequence,Aggregate CFD Score,Off-Target CFD100 Hits,Off-Target Tier I CFD100 Hits,"RS3 score (seq+target, Chen tracrRNA)"
TMSB10,1,GGAAATCGCCAGCTTCGATA,1.8667,0,0,0.3071
TMSB10,2,TGGCAGACAAACCAGACATG,2.4154,1,0,0.2928
TMSB10,3,GGCAGACAAACCAGACATGG,3.6625,1,0,0.03507
TMSB10,4,ATGGCAGACAAACCAGACAT,2.5382,1,0,0.2291
RPL9,1,TGGGTGAAAAATATATCCGC,1.7143,0,0,0.722
RPL9,2,GGGTGAAAAATATATCCGCA,4.7368,0,0,0.2775
RPL9,3,TACAGCTCCGGGTTGACAAA,4.0583,0,0,0.06178
RPL9,4,ACTGTCGACATTCCAGAAAA,1.0806,1,0,0.03558
RPL29,1,TCAGGCTCCCAAACGTACCC,0.35,0,0,0.3405
RPL29,2,GTAGGGGCCTGGGTACGTTT,0.2353,0,0,0.2144
RPL29,3,CTGAGCTGGAACTGAAGCTG,6.7789,0,0,0.2294
RPL29,4,ACGTACCCAGGCCCCTACAA,6.5915,1,0,0.3264
PYGB,1,TCAGTGACGAGGTGTTCATC,0,0,0,0.8185
PYGB,2,ACGCGTCCGTAGAAGTGCAC,0,0,0,0.9844
PYGB,3,TGATGGCATAGATTATCTCC,0,0,0,1.232
PYGB,4,CATGGGACCCAATCACACAC,0.65,0,0,0.9765
COTL1,1,TACAACCTGGTGCGCGACGA,0,0,0,0.4631
COTL1,2,GGATCGGTGAGAACGTCAGC,0.7333,0,0,0.5366
COTL1,3,AGCGCACGAAGGCAAACAAC,0,0,0,0.7405
COTL1,4,CTTGCTCATGGCATCCCCGG,0,0,0,0.5082
NDUFV2,1,GGAGTATCAGGGTTATTCTC,1,1,0,0.6833
NDUFV2,2,ACTTCATATACTCTCATTGG,0.9509,0,0,0.6832
NDUFV2,3,TCAGAGTTTCGAAGCATGCA,0.3889,0,0,0.6698
NDUFV2,4,TCTGCCTTTGGGCTAAATCC,2.4364,1,0,0.3446
PDHA1,1,TGGCGATGGTGCTGCTAACC,0,0,0,0.4501
PDHA1,2,AGTAAAGCCGTGAGCCCGGT,0,0,0,0.4918
PDHA1,3,TATGCCAAGAACTTCTACGG,0.1333,0,0,0.8591
PDHA1,4,AGCACTGATTACTACAAGAG,1.5053,0,0,0.5564
DCAF13,1,CCAAGCAATTGACTCCATCA,0,0,0,0.7769
DCAF13,2,AAAGCAGGATCATAGTTTCT,2.5608,0,0,0.4014
DCAF13,3,ATATAGTACTGTACGATATG,0,0,0,0.4521
DCAF13,4,ACTTATACTGTCAAATCCCC,2.5075,0,0,1.005
MPG,1,GAAGAACTCCAACCCCAGTC,0.9926,0,0,0.8485
MPG,2,GTAAATGATGTACACGTACA,0.125,0,0,0.8447
MPG,3,TGGAGACCGAGGCATACCTG,0,0,0,0.6547
MPG,4,GCTGCATCGGACGAGCTGTG,0.7143,0,0,0.7379
MGAT4B,1,ATGATGTACGCGCAGTCCAA,0,0,0,1.061
MGAT4B,2,GGCAGGTGATGGAAGACGGT,0.5625,0,0,1.337
MGAT4B,3,GCCCAGAATGGATCTCCGTG,0,0,0,0.5688
MGAT4B,4,TGGTCCAGGAGCCAGTCGAT,0,0,0,1.101
GNG5,1,AGAAAGTGGTTCAACAGCTC,2.0685,1,0,0.7298
GNG5,2,TTGTTATGTATAGGTTTCCC,1.75,1,0,0.6172
GNG5,3,AGTGGTTCAACAGCTCCGGC,1.4317,0,0,0.1715
GNG5,4,CAACAGCTCCGGCTGGAGGC,2.5968,1,1,0.007315
CNIH4,1,AGGATACGAAGTAGACCGAG,0,0,0,0.5955
CNIH4,2,AGATACATTATGGTGCCGAG,0,0,0,0.5529
CNIH4,3,TATATATTCCAAGTGGCAAC,1.629,0,0,0.6051
CNIH4,4,GTAATACAGTGACAATGGTA,1.5242,0,0,0.8008
CTBP1,1,GATGTGGCACAGCGTCGAGT,0,0,0,1.062
CTBP1,2,GGATGGCCGGGACTGCACAG,2.1679,0,0,0.8817
CTBP1,3,TGACAACATCGACATCAAGT,0,0,0,0.5263
CTBP1,4,ACCAAGTCCGATGATGCCCA,0,0,0,0.4584
IFT25,1,ACAAACATGTAAGGATTGAA,1.159,0,0,0.2976
IFT25,2,CTTGTAATCCAAAGTTACTT,1.3412,0,0,0.05532
IFT25,3,CACCACAGGAATGTTTCCCC,0,0,0,0.9672
IFT25,4,ATAGGAATCCAGAAACGTTT,0,0,0,0.01102
OGFOD1,1,AGAGACTTGACAATCTGCTT,0,0,0,0.7632
OGFOD1,2,ACTTTGAACCCCCCATACCT,0.0222,0,0,0.705
OGFOD1,3,ACATGTCAATGGTTGATTCC,0,0,0,0.5746
OGFOD1,4,AAAGCCAAGACTTCTTAGAA,0.0161,0,0,0.3293
ETHE1,1,GCAGCCCCGAGCCTGTAATG,0,0,0,0.8028
ETHE1,2,CCCACACCCACGGATCAACA,0.3333,0,0,0.6502
ETHE1,3,CAGGACTGGGTCGATCAGAA,0,0,0,0.4609
ETHE1,4,ATGGAGACTCCATCCGCTTC,0,0,0,0.03695
UBE2E1,1,AATGGAGATCAACCATTCTA,0,0,0,0.5928
UBE2E1,2,AAAAAGAGCACAGTACCTCT,0,0,0,0.433
UBE2E1,3,TAGACCCTCCACCTAATTGC,0,0,0,0.4787
UBE2E1,4,GGAGGCTTGAAGGGATATTC,0,0,0,0.484
AKT2,1,ACGTGGATTCTCCAGACGAG,0,0,0,0.734
AKT2,2,CCTCTGTGAAGACACGCTCC,0.4286,0,0,0.6188
AKT2,3,ATCCCAAGACACACCTGCTA,0,0,0,0.3814
AKT2,4,GAGATAGTCGAAGTCATTCA,0,0,0,0.705
MOSMO,1,AACCCGGACTGGATCAACAC,0,0,0,0.6155
MOSMO,2,AAGCTACAAAATATGCTCGA,0.8462,0,0,0.7966
MOSMO,3,GCCGGGGAGGGATGCACGTC,1.159,0,0,0.2858
MOSMO,4,GGCGATGGCGAAGATATCGG,0,0,0,0.2467
SPAG7,1,ACTTCCACCACATCATGTCT,0.9333,0,0,0.6136
SPAG7,2,GAGCTAGACTCTTACCGTCG,0,0,0,0.09663
SPAG7,3,GAGACTCGGCGCAAGGCCCG,0.4286,0,0,0.06432
SPAG7,4,GAGGCTGGGTGGCTTCTCCA,3.026,0,0,0.5315
SH3KBP1,1,TGGTGGGAGGGACAGATCAA,0.1364,0,0,1.013
SH3KBP1,2,TTCTAGGACTGCATCGACGT,0,0,0,0.328
SH3KBP1,3,GGCGGTATGGCAGGAACGGA,0,0,0,0.4597
SH3KBP1,4,GAAAGTTGGCGACATCATAG,0,0,0,0.3682
STK24,1,ACAGTCGGCCTATGACTCGA,0.7143,0,0,0.8189
STK24,2,AATACTTACTAGATCTAGTG,0.7143,0,0,0.3985
STK24,3,AGGACTCGATTATCTCCATT,0,0,0,0.5125
STK24,4,CAGATAGGATCCATAATATT,0.6411,0,0,0.3581
TMED4,1,GCAACTATCGTACCCAGATG,0,0,0,0.5331
TMED4,2,AGGACCCCGACGGCAAGGTA,0,0,0,0.6938
TMED4,3,TTGATGGTCACCGGGCGTGT,0,0,0,0.2734
TMED4,4,CAGGGGCTCTACTTCCACAT,0.7895,0,0,0.9736
NAMPT,1,AATAGTATCAAGAAGTACAC,0.5556,0,0,1.333
NAMPT,2,CTGGGAATGACAAAGCCCTC,0.8534,0,0,0.4429
NAMPT,3,CTATCGCTGACCACAGATAC,0.6364,0,0,0.3763
NAMPT,4,CTGTTCCAGCAGCAGAACAC,0.0161,0,0,0.553
EPB41L2,1,AAAGTCATATACCTTAGTAG,0,0,0,0.9328
EPB41L2,2,TGGTGCTGGCCTATCTATGA,0.3077,0,0,0.6797
EPB41L2,3,ATGTAGGTCAACACCATACA,0,0,0,0.8629
EPB41L2,4,GAGTCACAAAAGAGCAGGGC,0.9923,0,0,0.6864
(INTERGENIC CONTROL),,AGAGTTACGTCGCTTCGATC,,,,
(INTERGENIC CONTROL),,ACAATTACTCGGATACGCTC,,,,
(INTERGENIC CONTROL),,GCTGCAGACTAGCTATCGTA,,,,
(INTERGENIC CONTROL),,TCAGCTCCAAACGTACGTAC,,,,
(INTERGENIC CONTROL),,ACAGAGTCGCCGCATCGCAC,,,,
(INTERGENIC CONTROL),,GAAGCACTAGCCGTACGTAT,,,,
(INTERGENIC CONTROL),,TAAATACGGTCGTTAATCCC,,,,
(INTERGENIC CONTROL),,TGACACGGACGTATACGGAT,,,,
(INTERGENIC CONTROL),,TAAGGACAGGCGTATAACGA,,,,
(INTERGENIC CONTROL),,ACTGTGAGGTTACCTCGATA,,,,