Target Gene Symbol,Guide index,sgRNA Sequence,Seed Score (v1),Off-Target CFD100 Hits,Off-Target Tier I CFD100 Hits,RS3i score
TMSB10,1,AGTGGGAGCACCAGGATCTC,1,0,0,2.17
TMSB10,2,GGGCTCGGAACGAGACTGCA,0,0,0,2.14
TMSB10,3,GAGTGGGAGCACCAGGATCT,1,0,0,2.19
TMSB10,4,GCAACGCGAGTGGGAGCACC,2,0,0,1.719
RPL9,1,GCTGCGTCTACTGCGAGGTA,1,0,0,1.848
RPL9,2,GAATCTGAAACCATCTGCTC,0,0,0,1.419
RPL9,3,TCTTTGCTGCGTCTACTGCG,0,0,0,2.048
RPL9,4,GGATGTTTCTGTGCTCGTGG,1,0,0,1.581
RPL29,1,CGCCACCCGTAAGTCGCGGA,1,0,0,1.262
RPL29,2,CCAACACTCACCATAAGCCG,0,0,0,1.632
RPL29,3,CCGCGGCTTATGGTGAGTGT,1,0,0,1.999
RPL29,4,TATGGTGAGTGTTGGCCGCG,1,0,0,1.659
PYGB,1,CAGCGGCTTCGCCATCGCGC,0,0,0,1.836
PYGB,2,CCAGAGCAGCTGCACCATCC,0,0,0,1.816
PYGB,3,GAGATGGAGGAGGAAAGCGG,3,0,0,2.104
PYGB,4,AAAGAGATGGAGGAGGAAAG,3,0,0,2.102
COTL1,1,TACAACCTGGTGCGCGACGA,1,0,0,1.37
COTL1,2,GGTACGCGCCGAGGGCGCAC,2,0,0,1.649
COTL1,3,CCTGCAAGCTGCGAGCGCGG,1,0,0,1.757
COTL1,4,CGGCGGGGATGGGAGCGCGG,3,0,0,0.9086
NDUFV2,1,GAGCGCCGCGGAGAAGAACA,1,0,0,1.772
NDUFV2,2,GCCGCGGAGAAGAACATGGC,1,0,0,1.395
NDUFV2,3,GCTGGGGAAGGTGAACAGTG,1,0,0,1.382
NDUFV2,4,CGCCGCGGAGAAGAACATGG,1,0,0,1.437
PDHA1,1,CAACCCAGGAGGCACGACGC,1,0,0,2.099
PDHA1,2,GGGCACCTGAAGGAGACTTG,1,0,0,2.068
PDHA1,3,GGCACCTGAAGGAGACTTGG,2,0,0,2.062
PDHA1,4,ACAACCCAGGAGGCACGACG,2,0,0,2.092
DCAF13,1,GAAGATGCTGAGCCGGAATC,1,0,0,2.102
DCAF13,2,CAGCATCTTCACCTTCATCT,0,0,0,1.637
DCAF13,3,CGGAAGAGCAACCGAGATGA,0,0,0,1.716
DCAF13,4,TCTTCCGGCCGGACTCCACG,1,0,0,0.966
MPG,1,GTCCGAGTCCCACGAAGCCC,0,0,0,2.065
MPG,2,ACGGAAGCACCCCTAGGACC,1,0,0,1.397
MPG,3,GGCTCGGGCCGGGGCTTCGT,3,0,0,1.652
MPG,4,GCTTCGTGGGACTCGGACCC,2,0,0,1.592
MGAT4B,1,TGTACTCAGGGAAGAGGAAC,3,0,0,1.91
MGAT4B,2,GAAGGGCAGAGGCAGGTATC,2,1,0,2.112
MGAT4B,3,GAACAGGCTCAGAAGGGCAG,2,2,0,2.112
MGAT4B,4,GAAGAGGAACAGGCTCAGAA,1,3,0,2.17
GNG5,1,GGAGGGAAGGCAGAGCTTGT,,,,
GNG5,2,GGAGTTTCTAAAAGGCCCGG,,,,
GNG5,3,GGAGGAAAACTGAGACCTCC,,,,
GNG5,4,CCCGGCGGCGGGTGACCAGG,,,,
CNIH4,1,GGGCATCCGAGCGGGTTTGA,2,0,0,1.424
CNIH4,2,GCGACGGAGGAGGAGGATGG,4,0,0,2.001
CNIH4,3,GACGGAAGGAGCGGCGGCGA,2,0,0,1.894
CNIH4,4,GCGGCGACGGAGGAGGAGGA,4,0,0,1.607
CTBP1,1,GTCGTCGGAGCGCGGCTCAG,1,0,0,2.065
CTBP1,2,GCGGCGGAGACTCGGCACGG,2,0,0,2.133
CTBP1,3,GCGGAGACTCGGCACGGCGG,3,0,0,1.935
CTBP1,4,TCAGCGGCGCGGCGGAGACT,2,0,0,2.102
IFT25,1,CGCGACCCCGGACTCCACGG,2,0,0,1.989
IFT25,2,GCGCGCGACCCCGGACTCCA,1,0,0,2.076
IFT25,3,GAGCAGGCGGAGCTGCGGGT,3,0,0,2.074
IFT25,4,GCGGCGAGCAGGCGGAGCTG,2,0,0,1.999
OGFOD1,1,AGGTAGCGTCTTGATCTGCG,0,0,0,2.161
OGFOD1,2,GATGAATGGGAAGCGGCCAG,2,0,0,1.54
OGFOD1,3,TGCCTTGGGAAGAGATGAAT,0,2,0,2.112
OGFOD1,4,GTGCCTTGGGAAGAGATGAA,1,1,0,1.715
ETHE1,1,CTGTACTGAGGGTCGCCCGG,3,0,0,2.102
ETHE1,2,CGATGGCGGAGGCTGTACTG,1,0,0,2.097
ETHE1,3,GATGGCGGAGGCTGTACTGA,1,0,0,2.112
ETHE1,4,CGGCAGCTGAGCCAGCGCGG,1,0,0,1.781
UBE2E1,1,CAGCGAGAGAGAGACACGAG,0,0,0,2.097
UBE2E1,2,AGCAACAGCAACTATTAAAC,0,0,0,0.5089
UBE2E1,3,AGAGAGAGACACGAGTGGCC,1,0,0,1.299
UBE2E1,4,GGGGTGTCCCCGAGGCCCGG,2,0,0,0.4994
AKT2,1,CGTTGGGCCTGCCTCGGAGG,2,0,0,2.018
AKT2,2,CGGCGGCGACGCCTCCTCCG,0,0,0,1.798
AKT2,3,CCCGGCAGCGGCAACGGCGC,2,0,0,1.736
AKT2,4,GGCGCCGGCAGCGGCAGCGG,2,0,0,1.816
MOSMO,1,GATAAACTGACCATCATCTC,0,0,0,1.505
MOSMO,2,GGCGATGGCGAAGATATCGG,1,0,0,1.247
MOSMO,3,GGCGGCGGTTCCGTCTGTGC,0,0,0,1.055
MOSMO,4,GCGCCGCGGCTGCTGGTCCC,1,0,0,1.986
SPAG7,1,AGCTCAGGATGGAGCCCAGT,1,0,0,2.111
SPAG7,2,GTGGCTTCTCCATGGAGCTC,1,0,0,2.115
SPAG7,3,CTTCTCCATGGAGCTCAGGA,2,1,0,1.709
SPAG7,4,GCCGAGTCTCCTGGTCACCG,1,0,0,2.034
SH3KBP1,1,GCAGCAGCAGGAGTCGCCCC,1,0,0,1.617
SH3KBP1,2,CAGCAGCAGGAGTCGCCCCG,1,0,0,1.617
SH3KBP1,3,CTCGCGGGGAGCAGGAAACC,1,0,0,0.6508
SH3KBP1,4,GAGTCGCCCCGGGGCAGCAG,3,0,0,1.327
STK24,1,CGGCTCCAGCCCAGCAGTAG,0,0,0,1.805
STK24,2,CTGGCCGCTGGAGCCGGAGT,2,0,0,1.452
STK24,3,ACTGCTGGGCTGGAGCCGGG,3,0,0,2.181
STK24,4,AGCAGTAGCGGCAGCAGCGG,2,0,0,1.642
TMED4,1,GAGGCGCGATGGCAGGTGTC,2,0,0,1.812
TMED4,2,TGAGGCGCGATGGCAGGTGT,2,0,0,1.989
TMED4,3,AGGCGCGATGGCAGGTGTCG,2,0,0,1.727
TMED4,4,TGTCGGGGCTGGGCCTCTGC,2,2,0,1.801
NAMPT,1,TCTGCCGCAGGATTCATCTC,1,0,0,2.181
NAMPT,2,CCGAGCAGTGACTTAAGCAA,0,0,0,0.3811
NAMPT,3,GGCGCGCGGCCCCTGTCCTC,0,0,0,1.673
NAMPT,4,CCTTCCTCGCAGCCGCGCCA,0,0,0,1.61
EPB41L2,1,CCCTCTTCAGTCCCAGCCGC,0,0,0,1.663
EPB41L2,2,CCGGCGGCTGGGACTGAAGA,2,0,0,1.906
EPB41L2,3,GCCGGCGGCTGGGACTGAAG,2,1,0,1.911
EPB41L2,4,GAGGAGGCAGGCGCGGCTGC,2,1,0,1.613
(INTERGENIC CONTROL),,AGAGTTACGTCGCTTCGATC,,,,
(INTERGENIC CONTROL),,ACAATTACTCGGATACGCTC,,,,
(INTERGENIC CONTROL),,GCTGCAGACTAGCTATCGTA,,,,
(INTERGENIC CONTROL),,TCAGCTCCAAACGTACGTAC,,,,
(INTERGENIC CONTROL),,ACAGAGTCGCCGCATCGCAC,,,,
(INTERGENIC CONTROL),,GAAGCACTAGCCGTACGTAT,,,,
(INTERGENIC CONTROL),,TAAATACGGTCGTTAATCCC,,,,
(INTERGENIC CONTROL),,TGACACGGACGTATACGGAT,,,,
(INTERGENIC CONTROL),,TAAGGACAGGCGTATAACGA,,,,
(INTERGENIC CONTROL),,ACTGTGAGGTTACCTCGATA,,,,